,Margin,Most Common Choice Picked,Most Common Choice,Average Choice,StudyNumber
0,1.0449879866679876,1.0626720310804871,1.23440533638635,2.27191997625244,-1.6093803460024083
1,-0.4143456455822134,-0.8047697648056693,1.23440533638635,-0.4103174476627055,-1.6093803460024083
2,-0.47431826060619425,-0.5590537390311751,1.23440533638635,0.2687300014297371,-1.6093803460024083
3,-0.2944004155342516,-0.5590537390311751,1.23440533638635,0.37058711879360223,-1.6093803460024083
4,0.2053713763322556,-0.16590809779198423,1.23440533638635,1.0496345678860448,-1.6093803460024083
5,1.1249514733666288,0.07980792798251002,1.23440533638635,1.6947296445238638,-1.6093803460024083
6,0.005462659585652711,-0.608196944186074,1.23440533638635,-0.10474609557110715,-1.6093803460024083
7,0.2453531196815762,-0.2150513029468831,1.23440533638635,0.7440632157944465,-1.6093803460024083
8,-0.3343821588835722,-0.5099105338762762,1.23440533638635,0.47244423615746883,-1.6093803460024083
9,1.3048693184385716,0.5220967743765997,1.23440533638635,2.136110486433951,-1.6093803460024083
10,-0.15446431381162962,-0.4607673287213774,-0.9231813280623127,-0.2405555853895945,-1.6093803460024083
11,-0.13447344213696932,-0.36248091841157964,-0.9231813280623127,-0.7498411722089261,-1.6093803460024083
12,0.48524357977749966,-0.4607673287213774,1.23440533638635,0.5743013535213354,-1.6093803460024083
13,-0.21443692883561047,-0.608196944186074,-0.9231813280623127,-0.3084603302988389,-1.6093803460024083
14,0.48524357977749966,-0.4116241235664785,1.23440533638635,0.8459203331583116,-1.6093803460024083
15,-0.3143912872089119,-0.16590809779198423,-2.001974660286644,-0.975058576157919,1.3187071541331932
16,-1.1540078975446442,0.3746671589119031,-0.9231813280623127,-1.2330966068130471,1.3187071541331932
17,0.8450792699213848,1.8981065187137676,1.23440533638635,1.3042773612957106,1.3187071541331932
18,1.88460459700372,3.028400237276441,1.23440533638635,2.3579326531374827,1.3187071541331932
19,1.6447141369077964,4.207837160994013,1.23440533638635,3.304072098872952,1.3187071541331932
20,-1.074044410846003,-0.06762168748218654,-2.001974660286644,-1.3191092836980902,1.3187071541331932
21,0.48524357977749966,0.12895113313740889,1.23440533638635,0.7021886231004125,1.3187071541331932
22,3.1240386408326577,4.944985238317496,0.15561200416201873,0.9817298229768003,1.3187071541331932
23,0.08542614628429387,0.7186695949961951,-0.9231813280623127,-0.6525110378390102,1.3187071541331932
24,2.164476800448964,3.8146915197548226,0.15561200416201873,0.7236917923216722,1.3187071541331932
25,1.2848784467639112,3.1758298527411375,1.23440533638635,2.0568882840398337,1.3187071541331932
26,-0.594263490654156,1.3575312620098803,-0.9231813280623127,-0.8890458992728772,1.3187071541331932
27,1.4448054201611935,2.438681775417655,1.23440533638635,1.9063660994910085,1.3187071541331932
28,-1.6737705610858116,2.5861113908823516,-0.9231813280623127,-1.8996948526721287,1.3187071541331932
29,0.08542614628429387,0.6203831846863974,-0.9231813280623127,-0.6955173762815311,1.3187071541331932
30,1.3248601901132318,2.733541006347048,0.15561200416201873,0.4226474232240232,1.3187071541331932
31,0.005462659585652711,0.7186695949961951,-0.9231813280623127,-0.9535554069366593,1.3187071541331932
32,1.0050062433186673,0.3746671589119031,-0.9231813280623127,-0.007415961201189879,1.3187071541331932
33,0.5652070664761408,0.767812800151094,0.15561200416201873,-0.07192546886497192,1.3187071541331932
34,1.404823676811873,1.2101016465451837,0.15561200416201873,-0.32996349952010007,1.3187071541331932
35,1.9645680837023611,3.323259468205834,0.15561200416201873,0.5946727769941081,1.3187071541331932
36,-0.2744095438595913,-0.06762168748218654,-0.9231813280623127,-0.2869571610775792,1.3187071541331932
37,-1.1939896408939648,2.094679339333363,-0.9231813280623127,-0.631007868617749,1.3187071541331932
38,-0.3543730305582325,0.8660992104608917,0.15561200416201873,-0.6740142070602699,1.3187071541331932
39,0.2853348630308968,-0.26419450810178197,1.23440533638635,0.035590377241331,1.3187071541331932
40,-1.074044410846003,1.4558176723196778,-0.9231813280623127,-0.8675427300516161,1.3187071541331932
41,1.1649332167159494,3.5198322888254294,0.15561200416201873,0.40114425400276205,1.3187071541331932
42,-1.6737705610858116,1.7015336980941722,-0.9231813280623127,-0.566498360953967,1.3187071541331932
43,-2.593350658120185,4.600982802233204,-0.9231813280623127,-2.1147265448847343,1.3187071541331932
44,0.6851522965241026,1.0626720310804871,1.23440533638635,0.8742139768704975,1.3187071541331932
45,-1.633788817736491,1.3575312620098803,-0.9231813280623127,-1.4481282990256543,1.3187071541331932
46,-1.1140261541953236,1.406674467164779,-0.9231813280623127,-0.910549068494137,1.3187071541331932
47,-1.0340626674966824,0.12895113313740889,-0.9231813280623127,-0.6740142070602699,1.3187071541331932
48,2.3643855171955668,4.35526677645871,0.15561200416201873,0.7666981307641931,1.3187071541331932
49,-3.233058551709314,3.2249730578960363,-0.9231813280623127,-2.566293098531209,1.3187071541331932
50,0.2853348630308968,0.3746671589119031,-0.9231813280623127,-0.5234920225114462,1.3187071541331932
51,1.1649332167159494,0.7186695949961951,1.23440533638635,1.0032329921980616,1.3187071541331932
52,2.084513313750323,4.600982802233204,0.15561200416201873,0.9172203153130184,1.3187071541331932
53,0.2053713763322556,0.47295356922170084,0.15561200416201873,-0.3084603302988389,1.3187071541331932
54,0.2853348630308968,0.3746671589119031,-0.9231813280623127,-0.9535554069366593,1.3187071541331932
55,0.12540788963361446,0.12895113313740889,-0.9231813280623127,-0.566498360953967,1.3187071541331932
56,0.5652070664761408,1.5049608774745766,0.15561200416201873,-0.3944730071838821,1.3187071541331932
57,0.7651157832227437,0.12895113313740889,-0.9231813280623127,0.20761573101141595,1.3187071541331932
58,-0.034519083763667864,0.423810364066802,-0.9231813280623127,0.4226474232240232,1.3187071541331932
59,-0.9141174374487206,1.5541040826294756,-0.9231813280623127,-1.1900902683705263,1.3187071541331932
60,2.0045498270516817,3.618118699135227,1.23440533638635,3.411587944979255,1.3187071541331932
61,0.44526183642817907,1.0626720310804871,1.23440533638635,0.7236917923216722,1.3187071541331932
62,0.2853348630308968,-0.26419450810178197,1.23440533638635,-0.32996349952010007,1.3187071541331932
63,0.005462659585652711,1.2592448517000825,-0.9231813280623127,-0.6525110378390102,1.3187071541331932
64,-1.0340626674966824,1.0135288259255881,-0.9231813280623127,-0.8245363916090952,1.3187071541331932
65,0.5652070664761408,0.22723754344720656,-0.9231813280623127,-0.07192546886497192,1.3187071541331932
66,1.1249514733666288,1.9963929290235654,1.23440533638635,1.9708756071547906,1.3187071541331932
67,-0.2744095438595913,0.12895113313740889,1.23440533638635,-0.24395082263505688,1.3187071541331932
68,0.6851522965241026,-0.36248091841157964,-2.001974660286644,-0.7600268839453131,1.3187071541331932
69,2.084513313750323,3.07754344243134,1.23440533638635,2.701983360677653,1.3187071541331932
70,-1.1939896408939648,2.045536134178464,-0.9231813280623127,-1.2330966068130471,1.3187071541331932
71,3.1240386408326577,4.944985238317496,0.15561200416201873,0.9817298229768003,1.3187071541331932
72,0.005462659585652711,0.17809433829230772,-0.9231813280623127,-0.910549068494137,1.6847180916501434
73,0.2453531196815762,0.32552395375700427,1.23440533638635,0.2506220694539383,1.6847180916501434
74,2.4843307472435288,3.323259468205834,0.15561200416201873,0.7236917923216722,1.6847180916501434
75,0.32531660638021737,0.17809433829230772,-0.9231813280623127,-0.3944730071838821,1.6847180916501434
76,-0.2744095438595913,0.767812800151094,-0.9231813280623127,-0.8675427300516161,1.6847180916501434
77,1.8046411103050788,0.7186695949961951,0.15561200416201873,0.14310622334763534,1.6847180916501434
78,1.9245863403530405,2.094679339333363,1.23440533638635,2.0568882840398337,1.6847180916501434
79,-1.1140261541953236,1.7998201084039698,-0.9231813280623127,0.10009988490511304,1.6847180916501434
80,0.44526183642817907,-0.36248091841157964,-0.9231813280623127,-0.37296983796262095,1.6847180916501434
81,0.44526183642817907,0.47295356922170084,0.15561200416201873,-0.8245363916090952,1.6847180916501434
82,0.2053713763322556,0.8169560053059928,-0.9231813280623127,-0.37296983796262095,1.6847180916501434
83,1.6447141369077964,3.2249730578960363,1.23440533638635,2.6374738530138706,1.6847180916501434
84,0.925042756620026,0.8169560053059928,0.15561200416201873,0.5086601001090664,1.6847180916501434
85,2.084513313750323,2.3403953651078573,0.15561200416201873,1.1537551767468854,1.6847180916501434
86,0.32531660638021737,1.5049608774745766,0.15561200416201873,-0.738523714724052,1.6847180916501434
87,0.2853348630308968,-0.06762168748218654,-0.9231813280623127,-1.039568083821701,1.6847180916501434
88,0.2453531196815762,1.1609584413902847,0.15561200416201873,-0.11493180730749279,1.6847180916501434
89,1.1249514733666288,0.17809433829230772,0.15561200416201873,0.4656537616665441,1.6847180916501434
90,0.2053713763322556,0.5712399795314985,-0.9231813280623127,0.5086601001090664,1.6847180916501434
91,1.3648419334625523,1.0626720310804871,1.23440533638635,0.6376791154366305,1.6847180916501434
92,0.6851522965241026,1.3083880568549813,1.23440533638635,0.7236917923216722,1.6847180916501434
93,1.0849697300173082,1.7015336980941722,0.15561200416201873,0.12160305412637419,1.6847180916501434
94,1.8446228536543994,2.4878249805725536,0.15561200416201873,0.14310622334763534,1.6847180916501434
95,-1.3539166142912469,1.7998201084039698,-0.9231813280623127,-1.0610712530429622,1.6847180916501434
96,0.08542614628429387,1.0135288259255881,1.23440533638635,0.5301632693303261,1.6847180916501434
97,-0.9141174374487206,-0.3133377132566808,-0.9231813280623127,-0.7815300531665743,1.6847180916501434
98,-0.6742269773527971,0.9643856207706893,-0.9231813280623127,-0.5880015301752282,1.6847180916501434
99,-0.3943547739075531,0.32552395375700427,1.23440533638635,0.20761573101141595,1.6847180916501434
100,1.7646593669557582,4.453553186768508,0.15561200416201873,0.8312076384279752,1.6847180916501434
101,-0.11448257046230903,0.6695263898412962,0.15561200416201873,-0.738523714724052,1.6847180916501434
102,0.7251340398734232,-0.16590809779198423,-0.9231813280623127,-0.5449951917327059,1.6847180916501434
103,1.4448054201611935,1.3083880568549813,1.23440533638635,0.9602266537555393,1.6847180916501434
104,1.2448967034145906,1.6032472877843744,0.15561200416201873,0.035590377241331,1.6847180916501434
105,1.0050062433186673,0.423810364066802,1.23440533638635,0.35813791556024116,1.6847180916501434
106,-1.433880100989888,1.3575312620098803,-0.9231813280623127,-1.0610712530429622,1.6847180916501434
107,1.3648419334625523,1.0135288259255881,0.15561200416201873,-0.566498360953967,1.6847180916501434
108,0.3652983497295379,0.9643856207706893,-0.9231813280623127,-0.5880015301752282,1.6847180916501434
109,1.8446228536543994,0.9152424156157905,1.23440533638635,1.5623153919508388,1.6847180916501434
110,1.2848784467639112,1.3083880568549813,1.23440533638635,1.4332963766232747,1.6847180916501434
111,1.0849697300173082,0.07980792798251002,1.23440533638635,0.35813791556024116,1.6847180916501434
112,-1.3139348709419263,2.684397801192149,-0.9231813280623127,-1.104077591485483,1.6847180916501434
113,-1.3139348709419263,-0.36248091841157964,-0.9231813280623127,-1.0180649146004412,-1.243369408485458
114,-0.5143000039555148,-0.7064833544958716,-0.9231813280623127,0.014087208020071277,-1.243369408485458
115,-0.23442780051027076,-0.36248091841157964,-0.9231813280623127,-0.7600268839453131,-1.243369408485458
116,1.0849697300173082,-0.7064833544958716,1.23440533638635,0.49790851549843584,-1.243369408485458
117,-0.9141174374487206,-0.903056175115467,-0.9231813280623127,-0.14718656113938453,-1.243369408485458
118,-0.8341539507500795,1.2101016465451837,-0.9231813280623127,-1.9211980218933884,-1.243369408485458
119,0.44526183642817907,-0.5099105338762762,-0.9231813280623127,-0.05042229964371076,-1.243369408485458
120,-0.6742269773527971,-0.9521993802703659,-2.001974660286644,-0.8890458992728772,-1.243369408485458
121,0.6851522965241026,-0.5099105338762762,-0.9231813280623127,-0.01816754581182046,-1.243369408485458
122,0.04544440293497329,-0.2150513029468831,-0.9231813280623127,-1.0180649146004412,-1.243369408485458
123,0.16538963298293502,-0.7556265596507704,-0.9231813280623127,-0.9858101607685495,-1.243369408485458
124,0.2453531196815762,-0.9521993802703659,0.15561200416201873,-0.21169606880316658,-1.243369408485458
125,0.08542614628429387,-0.608196944186074,-0.9231813280623127,0.7236917923216722,-1.243369408485458
126,-0.034519083763667864,-0.608196944186074,-0.9231813280623127,-0.631007868617749,-1.243369408485458
127,0.16538963298293502,-0.903056175115467,-0.9231813280623127,-0.43747934562640295,-1.243369408485458
128,0.645170553174782,-0.3133377132566808,0.15561200416201873,-0.01816754581182046,-1.243369408485458
129,-1.074044410846003,1.0135288259255881,-0.9231813280623127,-1.63090523740637,-1.243369408485458
130,-0.5542817473048354,-0.06762168748218654,1.23440533638635,0.7559465461535639,-1.243369408485458
131,-0.07450082711298844,-0.4116241235664785,-0.9231813280623127,-0.9858101607685495,-1.243369408485458
132,0.48524357977749966,-0.2150513029468831,-0.9231813280623127,0.40114425400276205,-1.243369408485458
133,-0.47431826060619425,-1.0013425854252647,1.23440533638635,-0.6632626224496394,-1.243369408485458
134,0.6051888098254614,-0.06762168748218654,-0.9231813280623127,-0.5987531147858588,-1.243369408485458
135,-0.594263490654156,-0.4116241235664785,1.23440533638635,0.14310622334763534,-1.243369408485458
136,0.4052800930788585,-0.7556265596507704,-0.9231813280623127,-0.4052245917945127,-1.243369408485458
137,0.8850610132707054,0.17809433829230772,0.15561200416201873,-0.37296983796262095,-1.243369408485458
138,1.0050062433186673,0.17809433829230772,1.23440533638635,1.7558439149421847,-1.243369408485458
139,-0.11448257046230903,-0.8047697648056693,-0.9231813280623127,-1.4051219605831335,-1.243369408485458
140,0.2853348630308968,0.22723754344720656,1.23440533638635,1.401041622791383,-1.243369408485458
141,-0.11448257046230903,-0.903056175115467,-0.9231813280623127,-0.8245363916090952,-1.243369408485458
142,0.44526183642817907,-0.26419450810178197,-0.9231813280623127,-0.3084603302988389,-1.243369408485458
143,0.7251340398734232,0.03066472282761117,0.15561200416201873,-0.34071508413073065,-1.243369408485458
144,-0.3543730305582325,-0.903056175115467,1.23440533638635,-0.37296983796262095,-1.243369408485458
145,0.5252253231268202,0.07980792798251002,1.23440533638635,1.2397678536319285,-1.243369408485458
146,-0.19444605716095018,0.17809433829230772,-0.9231813280623127,-0.4697340994582947,-1.243369408485458
147,0.8050975265720642,-1.0996289957350625,0.15561200416201873,-0.7277721301134215,-1.243369408485458
148,-0.11448257046230903,-0.2150513029468831,-0.9231813280623127,-1.2438481914236776,-1.243369408485458
149,0.4052800930788585,-0.7064833544958716,-0.9231813280623127,-0.4697340994582947,-1.243369408485458
150,-1.074044410846003,0.8660992104608917,-0.9231813280623127,-0.566498360953967,-1.243369408485458
151,-1.5538253310378498,0.12895113313740889,-0.9231813280623127,-0.9535554069366593,-1.243369408485458
152,0.925042756620026,-0.7064833544958716,-0.9231813280623127,0.626927530826,-1.243369408485458
153,0.4052800930788585,-0.1167648926370854,0.15561200416201873,-0.17944131497127483,-1.243369408485458
154,0.16538963298293502,-0.7064833544958716,-0.9231813280623127,-1.3083576990874597,-1.243369408485458
155,0.08542614628429387,-0.5099105338762762,-0.9231813280623127,-0.4052245917945127,-1.243369408485458
156,-0.7142087207021177,-0.26419450810178197,1.23440533638635,-0.21169606880316658,-1.243369408485458
157,-0.9141174374487206,-0.06762168748218654,-0.9231813280623127,-1.2438481914236776,-1.243369408485458
158,-0.11448257046230903,0.5712399795314985,1.23440533638635,1.7880986687740752,-1.243369408485458
159,-0.07450082711298844,-0.4607673287213774,1.23440533638635,-0.01816754581182046,-1.243369408485458
160,-0.47431826060619425,-0.26419450810178197,0.15561200416201873,0.20761573101141595,-1.243369408485458
161,0.44526183642817907,-0.608196944186074,1.23440533638635,-0.05042229964371076,-1.243369408485458
162,-1.7137523044351322,0.17809433829230772,-0.9231813280623127,-2.3405098217079714,-1.243369408485458
163,0.2853348630308968,-0.5099105338762762,1.23440533638635,-0.2762055764669486,-1.243369408485458
164,-0.5542817473048354,-0.1167648926370854,-0.9231813280623127,0.14310622334763534,-1.243369408485458
165,-1.2339713842432851,-0.1167648926370854,-0.9231813280623127,-1.6631599912382602,-1.243369408485458
166,0.9650244999693466,0.767812800151094,1.23440533638635,1.9493724379335295,-1.243369408485458
167,0.2853348630308968,-0.4607673287213774,-0.9231813280623127,0.7236917923216722,-1.243369408485458
168,0.2053713763322556,-0.6573401493409727,1.23440533638635,0.14310622334763534,-1.243369408485458
169,-0.5143000039555148,-0.5590537390311751,-0.9231813280623127,-0.501988853290185,-1.243369408485458
170,-0.43433651725687367,-0.018478482327287684,-0.9231813280623127,-0.34071508413073065,-1.243369408485458
171,0.005462659585652711,-0.36248091841157964,0.15561200416201873,-0.21169606880316658,-1.243369408485458
172,-0.7541904640514383,-0.06762168748218654,-0.9231813280623127,-1.759924252733934,-1.243369408485458
173,0.2853348630308968,-0.26419450810178197,0.15561200416201873,-0.17944131497127483,-1.243369408485458
174,1.484787163510514,1.0626720310804871,0.15561200416201873,1.3042773612957106,-1.243369408485458
175,-0.15446431381162962,-1.0504857905801637,1.23440533638635,-0.4052245917945127,-1.243369408485458
176,1.0849697300173082,-0.06762168748218654,0.15561200416201873,0.20761573101141595,-1.243369408485458
177,-0.8741356940994001,-0.2150513029468831,-0.9231813280623127,-1.469631468246914,-1.243369408485458
178,0.5652070664761408,-0.6573401493409727,-0.9231813280623127,-0.631007868617749,-1.243369408485458
179,0.16538963298293502,-0.4116241235664785,-0.9231813280623127,-0.566498360953967,-1.243369408485458
180,0.2853348630308968,-0.5099105338762762,1.23440533638635,-0.11493180730749279,-1.243369408485458
181,1.3248601901132318,1.0135288259255881,0.15561200416201873,0.33663474633898005,-1.243369408485458
182,0.7251340398734232,-0.5099105338762762,-0.9231813280623127,-0.3084603302988389,-1.243369408485458
183,-0.9540991807980411,-0.7556265596507704,-0.9231813280623127,-0.8890458992728772,-1.243369408485458
184,1.684695880257117,-0.26419450810178197,1.23440533638635,1.9493724379335295,-1.243369408485458
185,0.6051888098254614,-0.903056175115467,1.23440533638635,-0.37296983796262095,-1.243369408485458
186,1.0449879866679876,1.111815236235386,1.23440533638635,2.529958006907568,-1.243369408485458
187,-0.11448257046230903,-0.4607673287213774,-0.9231813280623127,-0.14718656113938453,-1.243369408485458
188,0.2053713763322556,-0.1167648926370854,-0.9231813280623127,-0.5342436071220767,-1.243369408485458
189,-0.5542817473048354,-0.16590809779198423,-0.9231813280623127,0.4333990078346538,-1.243369408485458
190,0.4052800930788585,1.111815236235386,1.23440533638635,2.4977032530756773,-1.243369408485458
191,-0.23442780051027076,-0.7556265596507704,1.23440533638635,-0.05042229964371076,-1.243369408485458
192,0.7651157832227437,-0.7064833544958716,-0.9231813280623127,-0.37296983796262095,-1.243369408485458
193,0.2053713763322556,-0.26419450810178197,-0.9231813280623127,-0.37296983796262095,-1.243369408485458
194,-0.3543730305582325,-0.5590537390311751,-0.9231813280623127,-0.43747934562640295,-1.243369408485458
195,0.32531660638021737,-0.8047697648056693,1.23440533638635,0.5301632693303261,-1.243369408485458
196,0.9650244999693466,-0.018478482327287684,1.23440533638635,0.9172203153130184,-1.243369408485458
197,-0.8341539507500795,1.1609584413902847,-0.9231813280623127,-0.7922816377772035,-1.243369408485458
198,0.04544440293497329,-0.4607673287213774,-0.9231813280623127,-0.43747934562640295,-1.243369408485458
199,0.9650244999693466,2.094679339333363,1.23440533638635,3.5943648833599706,-1.243369408485458
200,-1.833697534483094,-0.16590809779198423,-0.9231813280623127,-2.2437455602122984,-1.243369408485458
201,-0.19444605716095018,-0.608196944186074,0.15561200416201873,0.272125238675198,-1.243369408485458
202,-0.9141174374487206,0.5220967743765997,-0.9231813280623127,-1.534140975910696,-1.243369408485458
203,1.0849697300173082,1.7015336980941722,0.15561200416201873,1.0462393306405824,-1.243369408485458
204,0.2853348630308968,-0.5590537390311751,-0.9231813280623127,-1.2438481914236776,-1.243369408485458
205,0.7651157832227437,-0.608196944186074,1.23440533638635,0.014087208020071277,-1.243369408485458
206,0.8450792699213848,-0.7556265596507704,0.15561200416201873,0.11085146951574361,-1.243369408485458
207,-0.2744095438595913,-0.608196944186074,-0.9231813280623127,-0.3084603302988389,-1.243369408485458
208,0.5252253231268202,-0.9521993802703659,-0.9231813280623127,0.11085146951574361,-1.243369408485458
209,-0.07450082711298844,-0.4607673287213774,1.23440533638635,0.4656537616665441,-1.243369408485458
210,-0.11448257046230903,-0.26419450810178197,-0.9231813280623127,-0.5342436071220767,-1.243369408485458
211,0.6051888098254614,-0.608196944186074,-0.9231813280623127,-0.501988853290185,-1.243369408485458
212,0.44526183642817907,-0.7064833544958716,1.23440533638635,-0.01816754581182046,-1.243369408485458
213,0.9650244999693466,-0.16590809779198423,1.23440533638635,0.6591822846578902,-1.243369408485458
214,0.5652070664761408,0.8169560053059928,0.15561200416201873,1.0462393306405824,-1.243369408485458
215,-0.7541904640514383,1.1609584413902847,-0.9231813280623127,-0.8890458992728772,-1.243369408485458
216,0.6851522965241026,-0.5590537390311751,1.23440533638635,0.40114425400276205,-1.243369408485458
217,0.16538963298293502,-1.0013425854252647,-0.9231813280623127,-0.24395082263505688,-1.243369408485458
218,0.2453531196815762,-0.36248091841157964,-0.9231813280623127,0.14310622334763534,-1.243369408485458
219,0.7651157832227437,0.03066472282761117,1.23440533638635,0.9817298229768003,-1.243369408485458
220,-0.11448257046230903,-1.0504857905801637,-0.9231813280623127,-0.5987531147858588,-1.243369408485458
221,0.6851522965241026,-0.2150513029468831,1.23440533638635,1.3365321151276008,-1.243369408485458
222,0.8450792699213848,-0.06762168748218654,1.23440533638635,1.1430035921362547,-1.243369408485458
223,0.44526183642817907,-0.1167648926370854,-0.9231813280623127,-0.3084603302988389,-1.243369408485458
224,-1.8736792778324145,0.3746671589119031,-0.9231813280623127,-2.759821621522554,-1.243369408485458
225,0.6051888098254614,-0.3133377132566808,1.23440533638635,0.40114425400276205,-1.243369408485458
226,0.12540788963361446,-0.018478482327287684,1.23440533638635,0.626927530826,-1.243369408485458
227,-0.5143000039555148,-0.8047697648056693,1.23440533638635,-0.3084603302988389,-1.243369408485458
228,0.2053713763322556,-0.7556265596507704,-0.9231813280623127,-0.566498360953967,-1.243369408485458
229,-1.1140261541953236,-0.4116241235664785,-0.9231813280623127,-0.4052245917945127,-1.243369408485458
230,-1.5938070743871704,1.0626720310804871,-0.9231813280623127,-2.566293098531209,-1.243369408485458
231,-0.3943547739075531,0.6203831846863974,-0.9231813280623127,-0.2762055764669486,-1.243369408485458
232,1.0449879866679876,-0.903056175115467,1.23440533638635,-0.05042229964371076,-1.243369408485458
233,0.2053713763322556,0.03066472282761117,1.23440533638635,1.0139845768086906,-1.243369408485458
234,1.0449879866679876,-0.3133377132566808,1.23440533638635,0.33663474633898005,-1.243369408485458
235,0.7651157832227437,-0.7556265596507704,1.23440533638635,-0.05042229964371076,-1.243369408485458
236,-1.0340626674966824,0.22723754344720656,-0.9231813280623127,-0.7600268839453131,-1.243369408485458
237,0.16538963298293502,-0.4607673287213774,1.23440533638635,0.49790851549843584,-1.243369408485458
238,0.48524357977749966,-0.7556265596507704,1.23440533638635,0.7882012999854543,-1.243369408485458
239,-0.034519083763667864,-0.3133377132566808,-0.9231813280623127,-0.8890458992728772,-1.243369408485458
240,1.20491496006527,0.8169560053059928,0.15561200416201873,0.5301632693303261,-1.243369408485458
241,0.8050975265720642,-0.903056175115467,0.15561200416201873,0.2398704848433077,-1.243369408485458
242,0.2053713763322556,-0.3133377132566808,1.23440533638635,0.7236917923216722,-1.243369408485458
243,0.04544440293497329,-0.4116241235664785,-0.9231813280623127,0.272125238675198,-1.243369408485458
244,1.3648419334625523,-0.5590537390311751,1.23440533638635,0.5301632693303261,-1.243369408485458
245,-0.19444605716095018,-0.5590537390311751,1.23440533638635,0.20761573101141595,-1.243369408485458
246,-0.3143912872089119,-0.903056175115467,-2.001974660286644,-1.2438481914236776,-1.243369408485458
247,1.1249514733666288,0.8169560053059928,0.15561200416201873,0.5946727769941081,-1.243369408485458
248,0.7251340398734232,-1.0504857905801637,1.23440533638635,-0.37296983796262095,-1.243369408485458
249,0.7651157832227437,-0.16590809779198423,0.15561200416201873,-0.43747934562640295,-1.243369408485458
250,0.6051888098254614,-0.4116241235664785,1.23440533638635,0.33663474633898005,-1.243369408485458
251,-0.8341539507500795,-0.26419450810178197,-0.9231813280623127,-0.8890458992728772,-1.243369408485458
252,-0.9141174374487206,1.111815236235386,-0.9231813280623127,-1.469631468246914,-1.243369408485458
253,0.44526183642817907,-0.26419450810178197,1.23440533638635,0.5301632693303261,-1.243369408485458
254,1.6447141369077964,0.423810364066802,1.23440533638635,1.659079653446511,-1.243369408485458
255,0.6051888098254614,-0.608196944186074,1.23440533638635,0.40114425400276205,-1.243369408485458
256,-0.3943547739075531,-0.1167648926370854,-0.9231813280623127,-0.14718656113938453,-1.243369408485458
257,-0.2744095438595913,0.8169560053059928,-0.9231813280623127,-0.5987531147858588,-1.243369408485458
258,-1.0340626674966824,-0.7556265596507704,-0.9231813280623127,-0.631007868617749,-1.243369408485458
259,1.1649332167159494,-0.1167648926370854,0.15561200416201873,0.17536097717952565,-1.243369408485458
260,-0.07450082711298844,-0.9521993802703659,0.15561200416201873,0.07859671568385332,-1.243369408485458
261,0.8050975265720642,0.22723754344720656,1.23440533638635,1.9493724379335295,-1.243369408485458
262,-0.034519083763667864,-1.0013425854252647,-0.9231813280623127,-0.631007868617749,-1.243369408485458
263,0.6851522965241026,-0.8047697648056693,0.15561200416201873,0.7559465461535639,-1.243369408485458
264,-0.19444605716095018,0.07980792798251002,-0.9231813280623127,-0.08267705347560249,-1.243369408485458
265,-0.7941722074007589,-0.06762168748218654,-0.9231813280623127,-1.0503196684323317,-1.243369408485458
266,-0.3143912872089119,0.12895113313740889,-0.9231813280623127,-0.11493180730749279,-1.243369408485458
267,0.3652983497295379,0.423810364066802,1.23440533638635,1.4978058842870567,-1.243369408485458
268,0.5652070664761408,-1.0996289957350625,-2.001974660286644,-0.8567911454409854,-1.243369408485458
269,0.12540788963361446,-0.6573401493409727,1.23440533638635,0.6591822846578902,-1.243369408485458
270,-1.7137523044351322,1.3575312620098803,-0.9231813280623127,-1.759924252733934,-1.243369408485458
271,0.44526183642817907,-0.8047697648056693,1.23440533638635,-0.08267705347560249,-1.243369408485458
272,-0.7541904640514383,-0.018478482327287684,-0.9231813280623127,-1.2115934375917874,-1.243369408485458
273,0.6051888098254614,-0.2150513029468831,-0.9231813280623127,0.4656537616665441,-1.243369408485458
274,0.48524357977749966,1.111815236235386,1.23440533638635,2.4654484992437857,-1.243369408485458
275,-1.8816756265022787,-0.8539129699605682,-0.9231813280623127,-0.8890458992728772,-0.8773584709685079
276,-0.32238763587877606,-0.903056175115467,-0.9231813280623127,-0.4052245917945127,-0.8773584709685079
277,-0.8501466480898077,-0.6573401493409727,-0.9231813280623127,0.11085146951574361,-0.8773584709685079
278,-0.05450995543832816,-0.36248091841157964,1.23440533638635,0.7236917923216722,-0.8773584709685079
279,1.1569368680460854,0.5712399795314985,1.23440533638635,1.594570145782729,-0.8773584709685079
280,0.9610263256344146,0.17809433829230772,1.23440533638635,1.4978058842870567,-0.8773584709685079
281,0.3573020010596738,0.5220967743765997,1.23440533638635,1.530060638118947,-0.8773584709685079
282,-0.01053003775407552,-0.5099105338762762,1.23440533638635,0.40114425400276205,-0.8773584709685079
283,-1.1779969435542363,-0.6573401493409727,-0.9231813280623127,-0.5342436071220767,-0.8773584709685079
284,-1.4658654956693447,-0.7064833544958716,1.23440533638635,0.07859671568385332,-0.8773584709685079
285,0.22136407367198382,-0.6573401493409727,1.23440533638635,0.5301632693303261,-0.8773584709685079
286,-0.07450082711298844,-0.8047697648056693,1.23440533638635,-0.01816754581182046,-0.8773584709685079
287,-2.5013926484167475,-0.6573401493409727,-2.001974660286644,-2.3405098217079714,-0.8773584709685079
288,0.5292234974617523,-0.6573401493409727,0.15561200416201873,0.626927530826,-0.8773584709685079
289,0.8490774442563169,0.5220967743765997,1.23440533638635,1.7235891611102931,-0.8773584709685079
290,0.7691139575576758,-0.7556265596507704,1.23440533638635,0.4656537616665441,-0.8773584709685079
291,-0.32238763587877606,-0.903056175115467,-0.9231813280623127,-0.4052245917945127,-0.8773584709685079
292,0.44526183642817907,-0.36248091841157964,0.15561200416201873,0.014087208020071277,-0.8773584709685079
293,-1.2419677329131493,-0.8539129699605682,-2.001974660286644,-1.3728672067512417,-0.8773584709685079
294,0.2853348630308968,0.22723754344720656,0.15561200416201873,-0.43747934562640295,-0.5113475334515577
295,0.46525270810283936,-0.608196944186074,0.15561200416201873,0.014087208020071277,-0.5113475334515577
296,0.48524357977749966,-0.4607673287213774,0.15561200416201873,0.04634196185196158,-0.5113475334515577
297,0.16538963298293502,-0.7556265596507704,1.23440533638635,0.4656537616665441,-0.5113475334515577
298,0.2453531196815762,-0.9521993802703659,0.15561200416201873,-0.08267705347560249,-0.5113475334515577
299,-0.11448257046230903,0.03066472282761117,0.15561200416201873,-0.4697340994582947,-0.5113475334515577
300,0.7051431681987629,-0.5590537390311751,0.15561200416201873,0.9172203153130184,-0.5113475334515577
301,0.8250883982467245,-0.2150513029468831,1.23440533638635,0.9172203153130184,-0.5113475334515577
302,-0.3943547739075531,0.07980792798251002,-0.9231813280623127,-1.2115934375917874,-0.5113475334515577
303,0.08542614628429387,-0.903056175115467,-0.9231813280623127,-0.7922816377772035,-0.5113475334515577
304,0.12540788963361446,-0.36248091841157964,1.23440533638635,0.17536097717952565,-0.5113475334515577
305,0.6251796815001217,0.767812800151094,0.15561200416201873,0.2398704848433077,-0.5113475334515577
306,1.6447141369077964,1.5049608774745766,1.23440533638635,2.7879960375626958,-0.5113475334515577
307,0.2453531196815762,0.07980792798251002,0.15561200416201873,0.20761573101141595,-0.5113475334515577
308,0.8450792699213848,0.47295356922170084,0.15561200416201873,0.2398704848433077,-0.5113475334515577
309,-0.3543730305582325,-0.4607673287213774,-0.9231813280623127,-0.43747934562640295,-0.5113475334515577
310,-0.5143000039555148,-0.26419450810178197,1.23440533638635,0.4656537616665441,-0.5113475334515577
311,-0.5342908756301751,-0.8539129699605682,-2.001974660286644,-1.6631599912382602,-0.5113475334515577
312,1.0849697300173082,0.27638074860210543,1.23440533638635,1.6268248996146208,-0.5113475334515577
313,-0.034519083763667864,-0.8047697648056693,1.23440533638635,-0.01816754581182046,-0.5113475334515577
314,0.8250883982467245,-0.5099105338762762,0.15561200416201873,0.36888950017087174,-0.5113475334515577
315,0.005462659585652711,-0.7064833544958716,1.23440533638635,0.20761573101141595,-0.5113475334515577
316,0.7851066548974039,0.3746671589119031,0.15561200416201873,0.49790851549843584,-0.5113475334515577
317,-0.23442780051027076,-0.903056175115467,-0.9231813280623127,-1.0503196684323317,-0.5113475334515577
318,1.404823676811873,-0.018478482327287684,0.15561200416201873,0.9494750691449101,-0.5113475334515577
319,1.0449879866679876,0.22723754344720656,0.15561200416201873,0.7559465461535639,-0.5113475334515577
320,0.9850153716440069,-0.5099105338762762,0.15561200416201873,0.6914370384897819,-0.5113475334515577
321,-0.9141174374487206,-0.8539129699605682,-0.9231813280623127,-0.7600268839453131,-0.5113475334515577
322,1.684695880257117,1.2592448517000825,1.23440533638635,2.529958006907568,-0.5113475334515577
323,0.12540788963361446,-0.5099105338762762,-0.9231813280623127,-0.21169606880316658,-0.5113475334515577
324,0.3652983497295379,-0.4116241235664785,-0.9231813280623127,-0.7277721301134215,-0.5113475334515577
325,-0.8541448224247398,-0.8539129699605682,-0.9231813280623127,-0.5342436071220767,-0.5113475334515577
326,1.7246776236064376,1.0626720310804871,0.15561200416201873,0.5301632693303261,-0.5113475334515577
327,1.0449879866679876,0.9152424156157905,1.23440533638635,2.400938991580004,-0.5113475334515577
328,-0.3143912872089119,-0.4607673287213774,-0.9231813280623127,-0.7277721301134215,-0.5113475334515577
329,0.16538963298293502,-0.9521993802703659,0.15561200416201873,0.014087208020071277,-0.5113475334515577
330,0.005462659585652711,-0.3133377132566808,-0.9231813280623127,-0.6955173762815311,-0.5113475334515577
331,0.645170553174782,-0.3133377132566808,0.15561200416201873,0.04634196185196158,-0.5113475334515577
332,0.925042756620026,-0.2150513029468831,1.23440533638635,1.401041622791383,-0.5113475334515577
333,0.5851979381508011,-0.26419450810178197,1.23440533638635,0.7882012999854543,-0.5113475334515577
334,0.2853348630308968,-0.7064833544958716,-0.9231813280623127,-0.9858101607685495,-0.14533659593460754
335,-0.5542817473048354,-0.608196944186074,-0.9231813280623127,-0.501988853290185,-0.14533659593460754
336,0.32531660638021737,-0.36248091841157964,0.15561200416201873,-0.566498360953967,-0.14533659593460754
337,2.044531570401002,1.406674467164779,0.15561200416201873,0.4333990078346538,-0.14533659593460754
338,-0.9141174374487206,0.47295356922170084,-0.9231813280623127,-1.6631599912382602,-0.14533659593460754
339,-0.7142087207021177,-0.16590809779198423,-0.9231813280623127,-0.566498360953967,-0.14533659593460754
340,-0.47431826060619425,-0.1167648926370854,-0.9231813280623127,-0.34071508413073065,-0.14533659593460754
341,0.12540788963361446,0.07980792798251002,1.23440533638635,1.1107488383043644,-0.14533659593460754
342,1.3648419334625523,1.1609584413902847,0.15561200416201873,1.4332963766232747,-0.14533659593460754
343,-0.23442780051027076,0.9643856207706893,1.23440533638635,2.2074104685886575,-0.14533659593460754
344,-1.1939896408939648,1.0135288259255881,-0.9231813280623127,-1.1793386837598956,-0.14533659593460754
345,0.5652070664761408,-0.8539129699605682,0.15561200416201873,0.11085146951574361,-0.14533659593460754
346,0.9650244999693466,-0.16590809779198423,1.23440533638635,0.8527108076492363,-0.14533659593460754
347,-0.07450082711298844,-0.5099105338762762,-0.9231813280623127,-0.6632626224496394,-0.14533659593460754
348,0.005462659585652711,-0.36248091841157964,-0.9231813280623127,-0.24395082263505688,-0.14533659593460754
349,0.8850610132707054,0.03066472282761117,0.15561200416201873,0.33663474633898005,-0.14533659593460754
350,0.7251340398734232,-0.3133377132566808,-0.9231813280623127,0.2398704848433077,-0.14533659593460754
351,-0.7142087207021177,-0.4607673287213774,-0.9231813280623127,-0.8890458992728772,-0.14533659593460754
352,1.0449879866679876,0.8169560053059928,1.23440533638635,2.0783914532610934,-0.14533659593460754
353,0.3652983497295379,-0.36248091841157964,-0.9231813280623127,-0.4052245917945127,-0.14533659593460754
354,-0.11448257046230903,-1.1487722008899612,1.23440533638635,-0.5987531147858588,-0.14533659593460754
355,-0.3943547739075531,0.03066472282761117,-0.9231813280623127,-0.566498360953967,-0.14533659593460754
356,-1.1540078975446442,1.4558176723196778,-0.9231813280623127,-1.8566885142296063,-0.14533659593460754
357,0.5652070664761408,-0.16590809779198423,1.23440533638635,0.7882012999854543,-0.14533659593460754
358,1.0449879866679876,0.07980792798251002,0.15561200416201873,-0.11493180730749279,-0.14533659593460754
359,-0.3143912872089119,0.07980792798251002,-0.9231813280623127,-0.9535554069366593,-0.14533659593460754
360,1.0050062433186673,1.3083880568549813,0.15561200416201873,0.6914370384897819,-0.14533659593460754
361,-1.2739531275926057,0.27638074860210543,-0.9231813280623127,-1.3406124529193515,-0.14533659593460754
362,0.645170553174782,-0.7556265596507704,0.15561200416201873,0.17536097717952565,-0.14533659593460754
363,-0.594263490654156,0.5220967743765997,-0.9231813280623127,-1.1470839299280053,-0.14533659593460754
364,-0.9940809241473617,-1.0504857905801637,-2.001974660286644,-0.7600268839453131,-0.14533659593460754
365,-1.1140261541953236,0.423810364066802,-0.9231813280623127,-1.2115934375917874,-0.14533659593460754
366,1.1249514733666288,1.406674467164779,0.15561200416201873,1.0139845768086906,-0.14533659593460754
367,0.32531660638021737,-0.8539129699605682,-0.9231813280623127,-0.7277721301134215,-0.14533659593460754
368,0.2053713763322556,0.6203831846863974,0.15561200416201873,-0.05042229964371076,-0.14533659593460754
369,-1.2339713842432851,0.9152424156157905,-0.9231813280623127,-0.8567911454409854,-0.14533659593460754
370,1.1249514733666288,1.6523904929392732,0.15561200416201873,0.49790851549843584,-0.14533659593460754
371,1.0449879866679876,-0.1167648926370854,1.23440533638635,0.9817298229768003,-0.14533659593460754
372,0.2453531196815762,-0.7556265596507704,-0.9231813280623127,-0.2762055764669486,-0.14533659593460754
373,-1.0340626674966824,1.0626720310804871,-0.9231813280623127,-1.5986504835744781,-0.14533659593460754
374,1.3248601901132318,0.03066472282761117,0.15561200416201873,0.9817298229768003,-0.14533659593460754
375,-0.3143912872089119,-0.8047697648056693,-0.9231813280623127,0.5946727769941081,-0.14533659593460754
376,0.2053713763322556,-0.9521993802703659,-0.9231813280623127,-0.6632626224496394,-0.14533659593460754
377,-0.5542817473048354,-0.1167648926370854,-0.9231813280623127,-0.9213006531047675,-0.14533659593460754
378,0.005462659585652711,0.07980792798251002,-0.9231813280623127,0.5624180231622179,-0.14533659593460754
379,-0.6742269773527971,-0.5590537390311751,-2.001974660286644,-1.0825744222642233,-0.14533659593460754
380,-0.43433651725687367,-0.6573401493409727,-0.9231813280623127,-1.0503196684323317,-0.14533659593460754
381,1.5247689068598347,1.6523904929392732,0.15561200416201873,0.7236917923216722,-0.14533659593460754
382,-1.7537340477844527,1.406674467164779,-0.9231813280623127,-2.1147265448847343,-0.14533659593460754
383,-0.19444605716095018,-0.36248091841157964,-0.9231813280623127,-1.0180649146004412,-0.14533659593460754
384,0.7251340398734232,0.6695263898412962,0.15561200416201873,0.272125238675198,-0.14533659593460754
385,0.8850610132707054,-0.36248091841157964,0.15561200416201873,0.884965561481128,-0.14533659593460754
386,-1.1140261541953236,-0.3133377132566808,-0.9231813280623127,-0.9213006531047675,-0.14533659593460754
387,0.645170553174782,-0.7556265596507704,-0.9231813280623127,-0.2762055764669486,-0.14533659593460754
388,0.5652070664761408,0.5220967743765997,0.15561200416201873,0.14310622334763534,-0.14533659593460754
389,0.12540788963361446,-0.5590537390311751,1.23440533638635,0.4656537616665441,-0.14533659593460754
390,-0.15446431381162962,0.03066472282761117,0.15561200416201873,0.17536097717952565,-0.14533659593460754
391,0.4052800930788585,-0.7556265596507704,0.15561200416201873,0.11085146951574361,-0.14533659593460754
392,0.925042756620026,-0.2150513029468831,0.15561200416201873,0.20761573101141595,-0.14533659593460754
393,-0.7541904640514383,-0.1167648926370854,-0.9231813280623127,-1.4051219605831335,-0.14533659593460754
394,-0.5143000039555148,0.12895113313740889,-0.9231813280623127,-1.0825744222642233,-0.14533659593460754
395,-0.594263490654156,-0.608196944186074,-0.9231813280623127,-0.501988853290185,-0.14533659593460754
396,-0.5542817473048354,-0.8539129699605682,-0.9231813280623127,0.17536097717952565,-0.14533659593460754
397,1.2848784467639112,-0.2150513029468831,1.23440533638635,1.2397678536319285,-0.14533659593460754
398,-0.9540991807980411,-0.26419450810178197,-0.9231813280623127,-0.5342436071220767,-0.14533659593460754
399,1.484787163510514,1.7998201084039698,1.23440533638635,3.4008363603686247,-0.14533659593460754
400,-1.633788817736491,0.32552395375700427,-0.9231813280623127,-1.7276694989020422,-0.14533659593460754
401,1.5247689068598347,-0.1167648926370854,0.15561200416201873,0.9172203153130184,-0.14533659593460754
402,-0.11448257046230903,-0.8047697648056693,-0.9231813280623127,-0.8245363916090952,-0.14533659593460754
403,0.7651157832227437,0.9643856207706893,1.23440533638635,2.2074104685886575,-0.14533659593460754
404,-2.829242943881176,0.5220967743765997,-0.9231813280623127,-1.63090523740637,0.22067434158234264
405,-1.4738618443392086,-0.608196944186074,1.23440533638635,-0.2762055764669486,0.22067434158234264
406,-0.6062580136589522,-0.2150513029468831,1.23440533638635,0.6914370384897819,0.22067434158234264
407,1.4368090714913295,-0.16590809779198423,1.23440533638635,1.0139845768086906,0.22067434158234264
408,-1.142013374539848,-0.5590537390311751,-0.9231813280623127,-0.43747934562640295,0.22067434158234264
409,1.6327196139030002,-0.4607673287213774,0.15561200416201873,1.1752583459681465,0.22067434158234264
410,-1.6018034230570346,-0.018478482327287684,-0.9231813280623127,-0.6955173762815311,0.22067434158234264
411,2.1324914057695077,0.5220967743765997,1.23440533638635,2.0138819455973116,0.22067434158234264
412,0.7011449938638308,0.07980792798251002,1.23440533638635,1.0462393306405824,0.22067434158234264
413,0.24135494534664412,-0.7556265596507704,1.23440533638635,-0.24395082263505688,0.22067434158234264
414,2.4083654348798196,0.5220967743765997,0.15561200416201873,1.4332963766232747,0.22067434158234264
415,0.07343162327949769,-0.8539129699605682,1.23440533638635,-0.21169606880316658,0.22067434158234264
416,-0.7222050693719818,-0.8047697648056693,1.23440533638635,0.272125238675198,0.22067434158234264
417,1.6287214395680683,0.5220967743765997,0.15561200416201873,0.7236917923216722,0.22067434158234264
418,-0.4063492969123492,0.5220967743765997,1.23440533638635,1.3365321151276008,0.22067434158234264
419,0.9610263256344146,0.22723754344720656,0.15561200416201873,0.04634196185196158,0.22067434158234264
420,0.5212271487918881,-0.8539129699605682,1.23440533638635,0.07859671568385332,0.22067434158234264
421,2.9801043647751038,0.5220967743765997,1.23440533638635,2.27191997625244,0.22067434158234264
422,-0.5502835729699034,-0.4607673287213774,-0.9231813280623127,-0.3084603302988389,0.22067434158234264
423,1.9165899916831763,0.07980792798251002,1.23440533638635,1.1107488383043644,0.22067434158234264
424,0.20936955066718765,-0.5099105338762762,0.15561200416201873,-0.17944131497127483,0.22067434158234264
425,-0.9780882268076335,-0.5590537390311751,1.23440533638635,0.30437999250708975,0.22067434158234264
426,0.9610263256344146,0.5220967743765997,1.23440533638635,1.8848629302697475,0.22067434158234264
427,-1.6217942947316948,-0.7556265596507704,-0.9231813280623127,-0.9213006531047675,0.22067434158234264
428,2.0565260934057985,0.5220967743765997,0.15561200416201873,0.8527108076492363,0.22067434158234264
429,-0.13047526780203725,-0.9521993802703659,-0.9231813280623127,-0.37296983796262095,0.5866852790992928
430,-0.6982160233623895,-0.3133377132566808,-0.9231813280623127,-0.8567911454409854,0.5866852790992928
431,-1.3539166142912469,-0.7064833544958716,-0.9231813280623127,-0.6632626224496394,0.5866852790992928
432,-0.49430913228085455,-1.0504857905801637,-0.9231813280623127,-0.501988853290185,0.5866852790992928
433,-1.1540078975446442,-0.7064833544958716,-0.9231813280623127,-0.21169606880316658,0.5866852790992928
434,-0.3143912872089119,-0.9521993802703659,-0.9231813280623127,-0.631007868617749,0.5866852790992928
435,-1.6417851664063552,-0.8539129699605682,-0.9231813280623127,-0.34071508413073065,0.5866852790992928
436,-0.23442780051027076,-1.0013425854252647,0.15561200416201873,-0.2762055764669486,0.5866852790992928
437,0.5971924611555973,-0.16590809779198423,1.23440533638635,1.3042773612957106,0.5866852790992928
438,-0.17845335982122196,-0.2150513029468831,1.23440533638635,1.1752583459681465,0.5866852790992928
439,-1.0380608418316144,-0.7556265596507704,-0.9231813280623127,-0.24395082263505688,0.5866852790992928
440,-1.7977139654687053,-0.608196944186074,-2.001974660286644,-1.63090523740637,0.5866852790992928
441,-1.1859932922241005,-0.7064833544958716,-0.9231813280623127,-0.08267705347560249,0.5866852790992928
442,-0.8421502994199436,-0.903056175115467,0.15561200416201873,0.11085146951574361,0.5866852790992928
443,-0.5462853986349713,-0.903056175115467,1.23440533638635,-0.08267705347560249,0.5866852790992928
444,1.5687488245440873,0.17809433829230772,0.15561200416201873,0.30437999250708975,0.5866852790992928
445,1.0769733813474442,-0.2150513029468831,1.23440533638635,0.7236917923216722,0.5866852790992928
446,-1.8616847548276183,-0.8539129699605682,-0.9231813280623127,-0.7277721301134215,0.5866852790992928
447,-0.7461941153815742,-1.0013425854252647,1.23440533638635,-0.24395082263505688,0.5866852790992928
448,-0.946102832128177,-1.0013425854252647,0.15561200416201873,-0.8245363916090952,0.5866852790992928
449,-0.3943547739075531,-0.8539129699605682,1.23440533638635,-0.11493180730749279,0.5866852790992928
450,-3.273040295058635,-0.06762168748218654,-0.9231813280623127,-2.4050193293717537,0.5866852790992928
451,-0.13847161647190137,-0.3133377132566808,1.23440533638635,1.0139845768086906,0.5866852790992928
452,-0.37036572789796074,-1.0013425854252647,-0.9231813280623127,-0.5987531147858588,0.5866852790992928
453,-0.7022141976973215,-1.0996289957350625,-0.9231813280623127,-0.6955173762815311,0.5866852790992928
454,-0.8181612534103512,-0.9521993802703659,0.15561200416201873,-0.21169606880316658,0.5866852790992928
455,0.07742979761442975,-0.5099105338762762,0.15561200416201873,-0.37296983796262095,0.5866852790992928
456,1.268885749424183,-0.2150513029468831,1.23440533638635,1.1752583459681465,0.5866852790992928
457,-0.3983529482424851,-0.6573401493409727,1.23440533638635,0.33663474633898005,0.5866852790992928
458,-0.4183438199171454,-0.6573401493409727,1.23440533638635,0.07859671568385332,0.5866852790992928
459,-1.2419677329131493,-0.4607673287213774,-0.9231813280623127,-1.3083576990874597,0.5866852790992928
460,-0.6102561879938841,-0.5590537390311751,-0.9231813280623127,-0.3084603302988389,0.5866852790992928
461,0.8650701415960451,0.5220967743765997,1.23440533638635,1.7558439149421847,0.5866852790992928
462,0.4252709647535188,-0.5590537390311751,1.23440533638635,0.820456053817346,0.5866852790992928
463,-1.0020772728172258,-0.5590537390311751,-0.9231813280623127,-0.5342436071220767,0.5866852790992928
464,0.6131851584953255,0.5220967743765997,1.23440533638635,1.6268248996146208,0.5866852790992928
465,-0.6102561879938841,-0.5590537390311751,1.23440533638635,0.5301632693303261,0.5866852790992928
466,-0.06650447844312433,-0.2150513029468831,1.23440533638635,0.9172203153130184,0.5866852790992928
467,-0.44233286592673776,-1.0996289957350625,-0.9231813280623127,-0.4052245917945127,0.5866852790992928
468,-0.734199592376778,-1.0013425854252647,0.15561200416201873,-0.5987531147858588,0.5866852790992928
469,-0.9141174374487206,-1.0996289957350625,1.23440533638635,-0.4697340994582947,0.5866852790992928
470,-1.6097997717268986,-0.8539129699605682,-0.9231813280623127,-0.501988853290185,0.5866852790992928
471,0.18138233032266327,-0.4116241235664785,0.15561200416201873,-0.3084603302988389,0.5866852790992928
472,-0.4983073066157866,-0.2150513029468831,1.23440533638635,0.9494750691449101,0.5866852790992928
473,0.2813366886959647,-0.1167648926370854,1.23440533638635,1.0784940844724726,0.5866852790992928
474,1.0329934636631917,0.3746671589119031,1.23440533638635,1.465551130455165,0.5866852790992928
475,-0.5582799216397675,-0.2150513029468831,-0.9231813280623127,-1.2115934375917874,0.5866852790992928
476,-1.0460571905014786,-1.0996289957350625,-2.001974660286644,-0.7600268839453131,0.5866852790992928
477,-0.4463310402616698,-0.9521993802703659,-0.9231813280623127,-0.8245363916090952,0.5866852790992928
478,-0.10648622179244491,-0.6573401493409727,0.15561200416201873,-0.8245363916090952,0.5866852790992928
479,0.00946083392058477,0.5220967743765997,1.23440533638635,1.659079653446511,0.5866852790992928
480,-1.3219312196117905,-0.7556265596507704,-0.9231813280623127,-0.14718656113938453,0.5866852790992928
481,-1.6537796894111514,-0.16590809779198423,-0.9231813280623127,-0.7277721301134215,0.5866852790992928
482,-1.018069970156954,-1.0504857905801637,-2.001974660286644,-0.8890458992728772,0.5866852790992928
483,-0.802168556070623,-0.1167648926370854,1.23440533638635,0.7236917923216722,0.5866852790992928
484,-0.37836207656782483,-0.6573401493409727,1.23440533638635,-0.37296983796262095,0.5866852790992928
485,-0.6942178490274574,-1.0504857905801637,-0.9231813280623127,-0.6955173762815311,0.5866852790992928
486,-0.8061667304055551,-0.7064833544958716,1.23440533638635,-0.08267705347560249,0.5866852790992928
487,-0.13447344213696932,-0.9521993802703659,-0.9231813280623127,-0.14718656113938453,0.5866852790992928
488,-1.4818581930090728,-0.5099105338762762,-0.9231813280623127,-1.4373767144150238,0.5866852790992928
489,1.1769277397207456,0.5220967743765997,0.15561200416201873,0.6914370384897819,0.5866852790992928
490,-1.0580517135062746,-0.608196944186074,-0.9231813280623127,0.04634196185196158,0.5866852790992928
491,0.8610719672611131,0.3746671589119031,1.23440533638635,1.2720226074638188,0.5866852790992928
492,0.8970555362755016,-0.018478482327287684,1.23440533638635,1.1430035921362547,0.5866852790992928
493,0.7971011779022001,-0.2150513029468831,1.23440533638635,1.3687868689594926,0.5866852790992928
494,-1.625792469066627,-0.7556265596507704,-2.001974660286644,-1.469631468246914,0.5866852790992928
495,2.1244950570996433,0.5220967743765997,0.15561200416201873,1.1430035921362547,0.5866852790992928
496,-0.2384259748452028,-0.7556265596507704,1.23440533638635,0.11085146951574361,0.5866852790992928
497,0.5212271487918881,-0.2150513029468831,1.23440533638635,0.9817298229768003,0.5866852790992928
498,-1.1260206772001196,-0.9521993802703659,-2.001974660286644,-1.1793386837598956,0.5866852790992928
499,-0.01053003775407552,-0.6573401493409727,0.15561200416201873,-0.2762055764669486,0.5866852790992928
500,-0.8621411710946039,-0.4116241235664785,-0.9231813280623127,-0.7277721301134215,0.5866852790992928
501,-2.8532319898907685,0.5220967743765997,-0.9231813280623127,-1.8889432680614981,0.5866852790992928
502,0.5332216717966843,-0.16590809779198423,1.23440533638635,1.3687868689594926,0.5866852790992928
503,0.3892873957391303,0.5220967743765997,1.23440533638635,1.8203534226059654,0.5866852790992928
504,-0.2664131951897272,-0.8539129699605682,0.15561200416201873,-0.37296983796262095,0.5866852790992928
505,-0.9580973551329732,-1.0013425854252647,1.23440533638635,-0.14718656113938453,0.5866852790992928
506,-0.3423785075534363,-0.4607673287213774,1.23440533638635,0.9494750691449101,0.5866852790992928
507,-0.30239676420411576,-0.2150513029468831,-0.9231813280623127,-0.6955173762815311,0.5866852790992928
508,-0.6742269773527971,-0.7064833544958716,1.23440533638635,0.4333990078346538,0.5866852790992928
509,-0.802168556070623,-0.9521993802703659,-0.9231813280623127,-1.0180649146004412,0.5866852790992928
510,-0.8861302171041961,-1.0996289957350625,0.15561200416201873,-0.6632626224496394,0.5866852790992928
511,1.2528930520844548,-0.018478482327287684,0.15561200416201873,0.5946727769941081,0.5866852790992928
512,-0.3623693792280966,-0.608196944186074,0.15561200416201873,0.07859671568385332,0.5866852790992928
513,-1.6817669097556758,-0.16590809779198423,-0.9231813280623127,-0.11493180730749279,0.5866852790992928
514,0.32531660638021737,-0.6573401493409727,1.23440533638635,0.272125238675198,0.5866852790992928
515,-0.60225983932402,-0.9521993802703659,0.15561200416201873,0.04634196185196158,0.5866852790992928
516,-0.21443692883561047,-0.5590537390311751,1.23440533638635,0.07859671568385332,0.5866852790992928
517,-0.670228803017865,-0.6573401493409727,1.23440533638635,0.30437999250708975,0.5866852790992928
518,0.8410810955864528,0.17809433829230772,1.23440533638635,1.530060638118947,0.5866852790992928
519,-0.7861758587308948,-0.36248091841157964,1.23440533638635,0.7236917923216722,0.5866852790992928
520,-1.1060298055254594,-0.5099105338762762,-0.9231813280623127,-0.24395082263505688,0.5866852790992928
521,-1.2619586045878097,-0.7556265596507704,1.23440533638635,0.14310622334763534,0.5866852790992928
522,-0.9101192631137885,-0.5099105338762762,-0.9231813280623127,-0.3084603302988389,0.5866852790992928
523,-0.3543730305582325,-0.8047697648056693,1.23440533638635,0.40114425400276205,0.5866852790992928
524,0.8330847469165887,-0.36248091841157964,1.23440533638635,0.6591822846578902,0.5866852790992928
525,-1.1300188515350518,-0.2150513029468831,1.23440533638635,0.6914370384897819,0.5866852790992928
526,0.41327644174872263,0.5220967743765997,0.15561200416201873,-0.08267705347560249,0.5866852790992928
527,-1.0980334568555952,-0.7064833544958716,-0.9231813280623127,-0.4697340994582947,0.5866852790992928
528,-0.034519083763667864,-0.36248091841157964,1.23440533638635,0.5301632693303261,0.5866852790992928
529,1.6287214395680683,0.5220967743765997,1.23440533638635,1.9816271917654211,0.5866852790992928
530,-0.3543730305582325,-0.7064833544958716,0.15561200416201873,-0.24395082263505688,0.5866852790992928
531,-2.4534145563975627,0.5220967743765997,-0.9231813280623127,-0.9535554069366593,0.5866852790992928
532,-1.3539166142912469,-0.7064833544958716,-0.9231813280623127,-0.6632626224496394,0.5866852790992928
533,0.34130930371994556,-0.2150513029468831,1.23440533638635,1.0462393306405824,0.5866852790992928
534,1.7286757979413696,-0.2150513029468831,1.23440533638635,1.6913344072784027,0.5866852790992928
535,-0.2784077181945234,-0.4116241235664785,1.23440533638635,0.49790851549843584,0.5866852790992928
536,-0.8501466480898077,-1.0013425854252647,0.15561200416201873,-0.4052245917945127,0.5866852790992928
537,-0.2944004155342516,-0.608196944186074,1.23440533638635,-0.05042229964371076,0.5866852790992928
538,-1.5818125513823742,-0.7556265596507704,-0.9231813280623127,-0.6955173762815311,0.5866852790992928
539,-0.9540991807980411,-1.0013425854252647,1.23440533638635,-0.2762055764669486,0.5866852790992928
540,0.5172289744569561,-0.7556265596507704,0.15561200416201873,0.11085146951574361,0.5866852790992928
541,-1.006075447152158,-0.5590537390311751,-0.9231813280623127,-0.01816754581182046,0.5866852790992928
542,-0.30239676420411576,-0.36248091841157964,1.23440533638635,0.5624180231622179,0.5866852790992928
543,0.3573020010596738,-0.903056175115467,0.15561200416201873,0.07859671568385332,0.5866852790992928
544,-0.5542817473048354,-0.903056175115467,-0.9231813280623127,-1.1793386837598956,0.5866852790992928
545,-0.5542817473048354,-0.903056175115467,-0.9231813280623127,-1.1793386837598956,0.5866852790992928
546,-0.666230628682933,-1.0013425854252647,-0.9231813280623127,-0.8567911454409854,0.5866852790992928
547,-3.1131133216613525,0.5220967743765997,-0.9231813280623127,-2.1469812987166264,0.5866852790992928
548,-0.9501010064631091,-0.8539129699605682,-0.9231813280623127,0.20761573101141595,0.5866852790992928
549,0.00946083392058477,0.5220967743765997,1.23440533638635,1.659079653446511,0.5866852790992928
550,-0.32238763587877606,-0.9521993802703659,-0.9231813280623127,-0.2762055764669486,0.5866852790992928
551,-1.014071795822022,-0.36248091841157964,1.23440533638635,0.6591822846578902,0.5866852790992928
552,-1.6817669097556758,-0.8047697648056693,-0.9231813280623127,-0.5987531147858588,0.5866852790992928
553,-1.5258381106933254,-0.608196944186074,-0.9231813280623127,-0.7277721301134215,0.5866852790992928
554,-0.46232373760139805,-0.018478482327287684,1.23440533638635,1.1107488383043644,0.5866852790992928
555,-1.5738162027125102,-0.7064833544958716,1.23440533638635,0.11085146951574361,0.5866852790992928
556,-1.1140261541953236,-0.5099105338762762,1.23440533638635,0.36888950017087174,0.5866852790992928
557,0.021455356925380944,-0.9521993802703659,0.15561200416201873,0.17536097717952565,0.5866852790992928
558,-1.293943999267266,0.12895113313740889,-0.9231813280623127,-1.1148291760961135,0.5866852790992928
559,-0.594263490654156,-0.3133377132566808,-0.9231813280623127,-0.7922816377772035,0.5866852790992928
560,-1.1300188515350518,0.07980792798251002,-0.9231813280623127,-0.43747934562640295,0.5866852790992928
561,0.9610263256344146,0.5220967743765997,1.23440533638635,1.8848629302697475,0.5866852790992928
562,-1.01007362148709,-1.0996289957350625,1.23440533638635,-0.43747934562640295,0.5866852790992928
563,-0.35037485622330045,-0.7556265596507704,1.23440533638635,0.07859671568385332,0.5866852790992928
564,-0.250420497849999,-0.9521993802703659,-0.9231813280623127,-0.5987531147858588,0.5866852790992928
565,2.0125461757215457,0.5220967743765997,0.15561200416201873,0.9494750691449101,0.5866852790992928
566,-0.3263858102137081,-0.7064833544958716,1.23440533638635,-0.11493180730749279,0.5866852790992928
567,-1.082040759515867,-0.6573401493409727,1.23440533638635,0.11085146951574361,0.5866852790992928
568,-1.853688406157754,-0.16590809779198423,-0.9231813280623127,-0.2762055764669486,0.5866852790992928
569,-1.361912962961111,0.03066472282761117,-0.9231813280623127,-0.6632626224496394,0.5866852790992928
570,-1.7377413504447246,0.07980792798251002,-0.9231813280623127,-1.3728672067512417,0.5866852790992928
571,2.1085023597599153,0.5220967743765997,1.23440533638635,2.046136699429203,0.5866852790992928
572,-2.5053908227516795,0.5220967743765997,-0.9231813280623127,-1.3083576990874597,0.5866852790992928
573,-2.5053908227516795,0.5220967743765997,-0.9231813280623127,-1.3083576990874597,0.5866852790992928
574,-0.4503292145966019,-0.5099105338762762,-0.9231813280623127,0.17536097717952565,0.5866852790992928
575,-1.4738618443392086,-0.7556265596507704,-0.9231813280623127,-0.5342436071220767,0.5866852790992928
576,-1.1300188515350518,-0.26419450810178197,-0.9231813280623127,-1.3406124529193515,0.5866852790992928
577,2.044531570401002,0.5220967743765997,1.23440533638635,2.27191997625244,0.5866852790992928
578,-0.7022141976973215,-1.0996289957350625,-0.9231813280623127,-0.6955173762815311,0.5866852790992928
579,-1.7737249194591131,-0.1167648926370854,-0.9231813280623127,-0.5987531147858588,0.5866852790992928
580,1.2369003547447266,0.5220967743765997,1.23440533638635,2.0783914532610934,0.5866852790992928
581,-1.6617760380810154,-0.8539129699605682,-0.9231813280623127,-0.8245363916090952,0.5866852790992928
582,-0.11448257046230903,-0.36248091841157964,-0.9231813280623127,-0.4052245917945127,0.952696216616243
583,0.925042756620026,0.6203831846863974,1.23440533638635,2.2074104685886575,0.952696216616243
584,-0.2744095438595913,-0.5099105338762762,1.23440533638635,0.33663474633898005,0.952696216616243
585,0.16538963298293502,-0.4116241235664785,-0.9231813280623127,0.272125238675198,0.952696216616243
586,-1.2339713842432851,0.3746671589119031,-0.9231813280623127,-2.0179622833890623,0.952696216616243
587,-0.47431826060619425,-0.5590537390311751,-0.9231813280623127,-0.7600268839453131,0.952696216616243
588,-0.5143000039555148,-0.018478482327287684,-0.9231813280623127,-0.43747934562640295,0.952696216616243
589,-0.43433651725687367,-0.8539129699605682,-0.9231813280623127,-0.17944131497127483,0.952696216616243
590,-0.6142543623288163,-0.5099105338762762,-0.9231813280623127,-1.469631468246914,0.952696216616243
591,-0.3543730305582325,-0.608196944186074,1.23440533638635,0.33663474633898005,0.952696216616243
592,-0.3143912872089119,-0.5099105338762762,-0.9231813280623127,-0.5987531147858588,0.952696216616243
593,-0.07450082711298844,0.22723754344720656,0.15561200416201873,-0.05042229964371076,0.952696216616243
594,-0.23442780051027076,-1.0013425854252647,-0.9231813280623127,-0.6955173762815311,0.952696216616243
595,-0.8341539507500795,-0.8047697648056693,-0.9231813280623127,-0.3084603302988389,0.952696216616243
596,0.04544440293497329,-0.7064833544958716,0.15561200416201873,0.33663474633898005,0.952696216616243
597,-0.23442780051027076,-1.0504857905801637,-0.9231813280623127,-0.8890458992728772,0.952696216616243
598,-0.2944004155342516,-0.5099105338762762,-0.9231813280623127,-0.5987531147858588,0.952696216616243
599,-0.17445518548628988,-1.0996289957350625,0.15561200416201873,-0.37296983796262095,0.952696216616243
600,-0.23442780051027076,-0.903056175115467,1.23440533638635,-0.2762055764669486,0.952696216616243
601,-1.5938070743871704,1.3575312620098803,-0.9231813280623127,-2.1147265448847343,0.952696216616243
602,-0.6342452340034765,-0.7556265596507704,-0.9231813280623127,-0.501988853290185,0.952696216616243
603,-0.13447344213696932,-1.0504857905801637,0.15561200416201873,-0.4697340994582947,0.952696216616243
604,0.2653439913562365,-0.903056175115467,-0.9231813280623127,-0.3084603302988389,0.952696216616243
605,-0.9341083091233808,-0.8539129699605682,-0.9231813280623127,-0.9213006531047675,0.952696216616243
606,-0.8341539507500795,-0.8539129699605682,-0.9231813280623127,-0.5342436071220767,0.952696216616243
607,2.6242668489661507,1.406674467164779,0.15561200416201873,0.30437999250708975,0.952696216616243
608,0.2053713763322556,-1.0504857905801637,-0.9231813280623127,-0.3084603302988389,0.952696216616243
609,-0.3143912872089119,-0.36248091841157964,-0.9231813280623127,-1.2438481914236776,0.952696216616243
610,-0.3943547739075531,-0.16590809779198423,1.23440533638635,0.6591822846578902,0.952696216616243
611,-0.15446431381162962,-1.0504857905801637,-0.9231813280623127,-0.6955173762815311,0.952696216616243
612,0.1853805046575953,-1.0013425854252647,-0.9231813280623127,-0.21169606880316658,0.952696216616243
613,0.6051888098254614,-0.26419450810178197,0.15561200416201873,0.4656537616665441,0.952696216616243
614,-1.0940352825206632,-0.8539129699605682,-0.9231813280623127,-1.0180649146004412,0.952696216616243
615,-0.47431826060619425,-1.0996289957350625,-2.001974660286644,-0.7600268839453131,0.952696216616243
616,0.2653439913562365,0.22723754344720656,1.23440533638635,1.3042773612957106,0.952696216616243
